232.19.162.128,03/Mar/2019:20:35:24,+0400,GET,/posts/posts/explore,200,4948,https://marshall-sellers.com/main/,Mozilla/5.0 (X11; Linux i686; rv:1.9.7.20) Gecko/2016-02-20 21:13:07 Firefox/3.8
249.254.234.249,03/Mar/2019:20:34:49,+0400,POST,/explore,200,4991,https://www.curtis.com/main/category/categories/category/,Mozilla/5.0 (compatible; MSIE 9.0; Windows 95; Trident/3.1)
252.10.30.26,03/Mar/2019:20:34:21,+0400,DELETE,/wp-content,200,5009,https://www.clay.net/posts/home.html,Mozilla/5.0 (Macintosh; U; Intel Mac OS X 10_5_3; rv:1.9.4.20) Gecko/2015-03-29 06:13:48 Firefox/8.0
255.2.90.5,03/Mar/2019:20:37:32,+0400,GET,/search/tag/list,200,4958,http://www.cameron.com/post/,"Mozilla/5.0 (Macintosh; U; PPC Mac OS X 10_10_3) AppleWebKit/5330 (KHTML, like Gecko) Chrome/20.0.869.0 Safari/5330"
177.192.204.13,03/Mar/2019:20:37:39,+0400,GET,/explore,200,4947,http://reed.biz/home/,Mozilla/5.0 (Windows NT 6.0; sk-SK; rv:1.9.2.20) Gecko/2016-05-25 06:51:36 Firefox/3.6.13
98.186.142.53,03/Mar/2019:20:35:21,+0400,PUT,/app/main/posts,200,4955,http://www.ashley-dean.com/,Mozilla/5.0 (X11; Linux i686; rv:1.9.7.20) Gecko/2018-10-11 00:26:50 Firefox/3.6.13
8.183.184.219,03/Mar/2019:20:35:53,+0400,PUT,/wp-admin,200,5058,https://lee.com/about.php,Mozilla/5.0 (Macintosh; U; Intel Mac OS X 10_6_0; rv:1.9.2.20) Gecko/2013-06-19 17:52:54 Firefox/3.6.9
46.244.169.247,03/Mar/2019:20:34:44,+0400,PUT,/search/tag/list,200,4969,https://www.fox.org/tags/search/wp-content/post/,"Mozilla/5.0 (X11; Linux x86_64) AppleWebKit/5322 (KHTML, like Gecko) Chrome/34.0.842.0 Safari/5322"
86.173.21.79,03/Mar/2019:20:37:55,+0400,POST,/search/tag/list,200,4924,https://carlson.com/,"Mozilla/5.0 (Macintosh; Intel Mac OS X 10_9_2) AppleWebKit/5322 (KHTML, like Gecko) Chrome/27.0.832.0 Safari/5322"
61.71.211.63,03/Mar/2019:20:37:05,+0400,GET,/wp-admin,301,5017,http://mendez-morris.info/post/,Mozilla/5.0 (Macintosh; Intel Mac OS X 10_6_6; rv:1.9.3.20) Gecko/2013-08-29 02:29:36 Firefox/3.8
191.231.43.194,03/Mar/2019:20:33:43,+0400,PUT,/posts/posts/explore,200,4922,http://www.martinez.com/tags/main/author.html,Mozilla/5.0 (X11; Linux x86_64; rv:1.9.5.20) Gecko/2017-12-13 09:14:26 Firefox/3.8
221.121.30.155,03/Mar/2019:20:36:35,+0400,GET,/apps/cart.jsp?appID=7218,301,5015,http://foster.biz/explore/search/posts/main.html,Mozilla/5.0 (X11; Linux x86_64; rv:1.9.6.20) Gecko/2014-02-01 23:53:58 Firefox/4.0
249.98.152.18,03/Mar/2019:20:34:52,+0400,GET,/wp-admin,200,5023,http://quinn.info/,Mozilla/5.0 (X11; Linux i686; rv:1.9.6.20) Gecko/2014-10-14 07:43:11 Firefox/8.0
112.193.106.92,03/Mar/2019:20:33:43,+0400,GET,/app/main/posts,200,5054,https://smith.biz/,Mozilla/5.0 (compatible; MSIE 5.0; Windows 98; Trident/5.0)
177.40.151.205,03/Mar/2019:20:34:00,+0400,PUT,/wp-content,200,5013,https://www.paul-mccarthy.biz/tags/app/posts/search.php,"Mozilla/5.0 (iPod; U; CPU iPhone OS 3_2 like Mac OS X; ks-IN) AppleWebKit/534.19.6 (KHTML, like Gecko) Version/3.0.5 Mobile/8B116 Safari/6534.19.6"
48.224.130.80,03/Mar/2019:20:36:59,+0400,PUT,/wp-content,200,4973,https://www.gilbert.com/,"Mozilla/5.0 (X11; Linux x86_64) AppleWebKit/5331 (KHTML, like Gecko) Chrome/29.0.856.0 Safari/5331"
42.111.120.213,03/Mar/2019:20:35:03,+0400,GET,/list,200,4946,https://www.doyle-cline.com/blog/tag/categories/category.html,"Mozilla/5.0 (Macintosh; PPC Mac OS X 10_5_6) AppleWebKit/5332 (KHTML, like Gecko) Chrome/62.0.832.0 Safari/5332"
194.244.191.174,03/Mar/2019:20:37:42,+0400,GET,/search/tag/list,200,5041,https://shaw.org/posts/categories/category.jsp,Mozilla/5.0 (Windows NT 6.1; da-DK; rv:1.9.1.20) Gecko/2015-06-24 19:34:56 Firefox/3.6.20
245.225.22.241,03/Mar/2019:20:36:55,+0400,GET,/wp-content,200,5112,https://johnson.com/categories/index.htm,Mozilla/5.0 (X11; Linux i686; rv:1.9.7.20) Gecko/2011-07-06 02:29:46 Firefox/4.0
193.24.255.189,03/Mar/2019:20:36:13,+0400,GET,/wp-admin,200,4996,https://www.estrada.com/explore/blog/blog/login.php,"Mozilla/5.0 (X11; Linux x86_64) AppleWebKit/5312 (KHTML, like Gecko) Chrome/18.0.821.0 Safari/5312"
33.197.30.231,03/Mar/2019:20:35:22,+0400,PUT,/list,200,4999,http://harper.org/post/,Opera/9.90.(X11; Linux x86_64; raj-IN) Presto/2.9.169 Version/10.00
237.78.133.176,03/Mar/2019:20:34:54,+0400,GET,/list,200,4988,https://miller.info/faq/,Mozilla/5.0 (X11; Linux x86_64; rv:1.9.5.20) Gecko/2018-05-15 18:31:48 Firefox/3.6.12
92.226.42.139,03/Mar/2019:20:34:38,+0400,PUT,/wp-admin,200,4997,https://www.cook.biz/category/,"Mozilla/5.0 (Macintosh; PPC Mac OS X 10_10_6) AppleWebKit/5352 (KHTML, like Gecko) Chrome/23.0.892.0 Safari/5352"
22.140.88.8,03/Mar/2019:20:33:59,+0400,GET,/posts/posts/explore,200,5031,http://grant-yang.com/posts/category/tags/faq/,"Mozilla/5.0 (Macintosh; U; Intel Mac OS X 10_7_3) AppleWebKit/5332 (KHTML, like Gecko) Chrome/36.0.808.0 Safari/5332"
115.192.199.41,03/Mar/2019:20:34:38,+0400,GET,/search/tag/list,200,5000,http://www.miller.com/app/terms/,Mozilla/5.0 (Windows 98; mni-IN; rv:1.9.2.20) Gecko/2018-11-15 17:21:54 Firefox/12.0
105.17.57.221,03/Mar/2019:20:34:27,+0400,GET,/list,200,5063,https://jordan.net/login.html,"Mozilla/5.0 (X11; Linux x86_64) AppleWebKit/5310 (KHTML, like Gecko) Chrome/22.0.891.0 Safari/5310"
188.178.14.183,03/Mar/2019:20:33:58,+0400,GET,/explore,200,5024,https://sanchez.info/register.jsp,Mozilla/5.0 (Windows NT 5.1; mhr-RU; rv:1.9.2.20) Gecko/2016-08-22 03:46:38 Firefox/3.8
171.113.99.113,03/Mar/2019:20:34:13,+0400,GET,/app/main/posts,200,4980,https://pitts.com/categories/blog/homepage.php,"Mozilla/5.0 (X11; Linux x86_64) AppleWebKit/5360 (KHTML, like Gecko) Chrome/23.0.809.0 Safari/5360"
162.29.203.111,03/Mar/2019:20:36:39,+0400,GET,/explore,200,4999,https://www.sandoval.com/wp-content/index/,"Mozilla/5.0 (Macintosh; PPC Mac OS X 10_9_4) AppleWebKit/5362 (KHTML, like Gecko) Chrome/23.0.834.0 Safari/5362"
104.203.207.188,03/Mar/2019:20:33:58,+0400,PUT,/list,200,5054,https://www.miller-lewis.com/,"Mozilla/5.0 (X11; Linux i686) AppleWebKit/5321 (KHTML, like Gecko) Chrome/62.0.804.0 Safari/5321"
84.59.124.208,03/Mar/2019:20:37:58,+0400,GET,/list,200,5008,https://www.mathis.org/about/,Mozilla/5.0 (Windows NT 4.0; el-GR; rv:1.9.2.20) Gecko/2016-07-08 00:47:06 Firefox/3.6.15
21.146.44.222,03/Mar/2019:20:36:26,+0400,DELETE,/wp-admin,200,4990,https://www.scott.com/blog/tags/homepage/,Mozilla/5.0 (X11; Linux x86_64; rv:1.9.7.20) Gecko/2014-08-18 02:18:21 Firefox/3.6.10
31.182.254.128,03/Mar/2019:20:34:33,+0400,PUT,/app/main/posts,200,5027,https://www.wilson-espinoza.org/post/,Mozilla/5.0 (X11; Linux x86_64; rv:1.9.6.20) Gecko/2012-01-18 16:14:22 Firefox/3.8
59.13.189.220,03/Mar/2019:20:34:39,+0400,GET,/apps/cart.jsp?appID=2732,200,5095,http://lopez-miranda.com/author.htm,Mozilla/5.0 (compatible; MSIE 8.0; Windows CE; Trident/4.0)
28.157.15.23,03/Mar/2019:20:35:05,+0400,GET,/wp-content,200,5018,https://www.gomez.com/faq.html,Mozilla/5.0 (Macintosh; U; Intel Mac OS X 10_9_6; rv:1.9.4.20) Gecko/2015-10-10 18:29:19 Firefox/3.6.20
193.202.164.217,03/Mar/2019:20:33:46,+0400,GET,/wp-content,200,4941,https://www.walker.net/index.htm,"Mozilla/5.0 (Windows NT 5.2) AppleWebKit/5342 (KHTML, like Gecko) Chrome/59.0.828.0 Safari/5342"
215.250.241.228,03/Mar/2019:20:34:08,+0400,PUT,/apps/cart.jsp?appID=5820,200,5008,http://www.hicks-smith.com/tag/posts/tag/post.html,"Mozilla/5.0 (Windows; U; Windows NT 5.1) AppleWebKit/533.29.5 (KHTML, like Gecko) Version/5.0 Safari/533.29.5"
158.116.76.142,03/Mar/2019:20:38:08,+0400,GET,/app/main/posts,500,4998,https://kirk.com/terms.htm,Mozilla/5.0 (Windows 95; ak-GH; rv:1.9.2.20) Gecko/2015-10-17 06:48:48 Firefox/3.8
30.151.221.35,03/Mar/2019:20:38:06,+0400,POST,/wp-admin,200,5013,http://www.schaefer.com/,Mozilla/5.0 (Macintosh; U; PPC Mac OS X 10_11_1; rv:1.9.2.20) Gecko/2014-02-18 04:46:17 Firefox/6.0
24.175.250.216,03/Mar/2019:20:35:10,+0400,GET,/app/main/posts,200,5025,https://love.com/,"Mozilla/5.0 (Windows NT 5.1) AppleWebKit/5310 (KHTML, like Gecko) Chrome/22.0.836.0 Safari/5310"
10.116.112.125,03/Mar/2019:20:36:39,+0400,GET,/search/tag/list,200,5027,https://jackson.info/,Mozilla/5.0 (X11; Linux i686; rv:1.9.7.20) Gecko/2016-09-05 14:19:54 Firefox/15.0
230.220.32.249,03/Mar/2019:20:37:21,+0400,DELETE,/search/tag/list,200,5025,https://www.martinez.com/privacy.html,"Mozilla/5.0 (Macintosh; U; Intel Mac OS X 10_8_9) AppleWebKit/5360 (KHTML, like Gecko) Chrome/40.0.852.0 Safari/5360"
13.254.242.114,03/Mar/2019:20:37:56,+0400,GET,/app/main/posts,200,5053,https://www.johnson.net/main/,Mozilla/5.0 (compatible; MSIE 7.0; Windows NT 6.1; Trident/4.1)
81.178.248.59,03/Mar/2019:20:34:45,+0400,GET,/app/main/posts,200,5060,https://lawrence-adams.biz/explore/explore/author/,Mozilla/5.0 (Windows 98; so-SO; rv:1.9.0.20) Gecko/2018-07-05 09:31:00 Firefox/3.8
99.203.174.124,03/Mar/2019:20:34:45,+0400,GET,/app/main/posts,200,4975,https://harris-bryan.biz/search/login/,"Mozilla/5.0 (iPod; U; CPU iPhone OS 4_1 like Mac OS X; bn-IN) AppleWebKit/534.45.3 (KHTML, like Gecko) Version/3.0.5 Mobile/8B116 Safari/6534.45.3"
117.172.53.79,03/Mar/2019:20:34:57,+0400,PUT,/app/main/posts,200,5057,http://ferrell.com/,Mozilla/5.0 (X11; Linux x86_64; rv:1.9.6.20) Gecko/2015-04-14 04:46:25 Firefox/3.8
43.47.149.162,03/Mar/2019:20:35:37,+0400,PUT,/search/tag/list,200,5026,https://ayala.com/main/tags/category/about.html,"Mozilla/5.0 (X11; Linux i686) AppleWebKit/5351 (KHTML, like Gecko) Chrome/44.0.886.0 Safari/5351"
101.228.143.216,03/Mar/2019:20:37:32,+0400,GET,/apps/cart.jsp?appID=1725,200,5008,http://www.lopez.net/login.html,"Mozilla/5.0 (Macintosh; U; PPC Mac OS X 10_10_0) AppleWebKit/5342 (KHTML, like Gecko) Chrome/51.0.897.0 Safari/5342"
85.135.88.129,03/Mar/2019:20:36:39,+0400,GET,/search/tag/list,200,5028,https://gill.info/tag/login/,Mozilla/5.0 (Macintosh; PPC Mac OS X 10_8_9; rv:1.9.6.20) Gecko/2010-03-08 22:42:48 Firefox/3.8
148.120.189.43,03/Mar/2019:20:37:07,+0400,GET,/explore,200,5108,http://www.jordan-bryant.com/categories/app/register/,"Mozilla/5.0 (Macintosh; PPC Mac OS X 10_6_1) AppleWebKit/5361 (KHTML, like Gecko) Chrome/41.0.848.0 Safari/5361"
255.27.216.70,03/Mar/2019:20:36:17,+0400,DELETE,/list,200,5054,https://www.lee.biz/,"Mozilla/5.0 (Macintosh; U; PPC Mac OS X 10_7_8) AppleWebKit/5320 (KHTML, like Gecko) Chrome/14.0.844.0 Safari/5320"
144.185.159.80,03/Mar/2019:20:36:44,+0400,PUT,/list,200,4936,http://aguirre.org/tag/categories/list/search/,Mozilla/5.0 (X11; Linux x86_64; rv:1.9.7.20) Gecko/2014-10-12 13:29:23 Firefox/12.0
202.228.191.211,03/Mar/2019:20:37:30,+0400,GET,/wp-admin,200,5002,http://arroyo.biz/category/terms/,Mozilla/5.0 (X11; Linux i686; rv:1.9.6.20) Gecko/2015-10-18 22:12:32 Firefox/3.8
139.224.162.54,03/Mar/2019:20:35:26,+0400,PUT,/wp-admin,200,5065,http://kerr.com/faq.html,Mozilla/5.0 (X11; Linux x86_64; rv:1.9.6.20) Gecko/2010-09-29 12:57:28 Firefox/3.8
218.104.151.37,03/Mar/2019:20:34:30,+0400,GET,/apps/cart.jsp?appID=9660,404,4982,http://smith.org/home/,Opera/9.32.(X11; Linux x86_64; sat-IN) Presto/2.9.182 Version/11.00
33.87.34.104,03/Mar/2019:20:34:16,+0400,GET,/wp-admin,200,4929,http://www.clark-hicks.com/wp-content/list/index/,Mozilla/5.0 (Windows 98; cv-RU; rv:1.9.2.20) Gecko/2010-10-13 17:28:21 Firefox/3.8
75.29.88.0,03/Mar/2019:20:37:34,+0400,GET,/posts/posts/explore,200,4947,https://www.white-lopez.net/main/register.asp,Mozilla/5.0 (Macintosh; U; PPC Mac OS X 10_7_4; rv:1.9.5.20) Gecko/2014-07-27 16:14:47 Firefox/3.8
19.138.250.160,03/Mar/2019:20:35:09,+0400,DELETE,/wp-admin,500,5019,http://www.briggs.com/list/posts/main/terms.php,Mozilla/5.0 (compatible; MSIE 6.0; Windows NT 4.0; Trident/4.1)
72.94.142.155,03/Mar/2019:20:36:12,+0400,POST,/app/main/posts,200,5014,https://brewer.com/index.htm,Mozilla/5.0 (Macintosh; U; Intel Mac OS X 10_5_2; rv:1.9.6.20) Gecko/2012-12-15 22:47:39 Firefox/14.0
79.63.150.185,03/Mar/2019:20:38:06,+0400,DELETE,/posts/posts/explore,200,5088,http://www.garrett.org/main/,Mozilla/5.0 (compatible; MSIE 5.0; Windows NT 6.1; Trident/3.0)
53.25.207.109,03/Mar/2019:20:36:05,+0400,PUT,/posts/posts/explore,200,5008,https://www.odom.com/,"Mozilla/5.0 (Macintosh; U; PPC Mac OS X 10_12_8) AppleWebKit/5332 (KHTML, like Gecko) Chrome/50.0.873.0 Safari/5332"
96.143.153.35,03/Mar/2019:20:36:42,+0400,GET,/search/tag/list,200,5017,https://www.neal-griffin.info/explore/post.html,Mozilla/5.0 (X11; Linux x86_64; rv:1.9.6.20) Gecko/2013-05-28 22:15:13 Firefox/3.6.12
27.27.54.191,03/Mar/2019:20:35:36,+0400,GET,/apps/cart.jsp?appID=4266,200,5057,https://mejia.com/categories/app/tag/login/,Mozilla/5.0 (X11; Linux x86_64; rv:1.9.5.20) Gecko/2018-09-17 07:20:50 Firefox/3.8
106.6.193.158,03/Mar/2019:20:33:46,+0400,PUT,/list,200,5072,http://www.ruiz-gonzalez.com/tags/tags/author/,Mozilla/5.0 (Windows NT 6.1; gv-GB; rv:1.9.0.20) Gecko/2010-04-23 00:45:46 Firefox/3.6.18
129.3.242.174,03/Mar/2019:20:36:40,+0400,POST,/app/main/posts,301,4989,https://www.roberts.com/blog/main/,Mozilla/5.0 (X11; Linux x86_64; rv:1.9.5.20) Gecko/2017-01-24 23:09:26 Firefox/4.0
89.73.26.82,03/Mar/2019:20:36:05,+0400,GET,/explore,200,4991,http://ortiz.biz/,Mozilla/5.0 (Macintosh; U; Intel Mac OS X 10_8_5; rv:1.9.6.20) Gecko/2014-06-30 05:42:05 Firefox/3.6.14
185.177.166.94,03/Mar/2019:20:37:22,+0400,GET,/apps/cart.jsp?appID=8019,200,4980,https://sutton.com/post/,Mozilla/5.0 (Windows 98; Win 9x 4.90; be-BY; rv:1.9.2.20) Gecko/2016-07-02 17:40:30 Firefox/3.8
85.142.212.9,03/Mar/2019:20:36:32,+0400,GET,/wp-admin,200,5007,https://andersen-gill.biz/faq/,"Mozilla/5.0 (Windows NT 6.0) AppleWebKit/5320 (KHTML, like Gecko) Chrome/51.0.865.0 Safari/5320"
58.20.199.107,03/Mar/2019:20:36:17,+0400,GET,/wp-content,200,4920,http://wood.com/post.php,"Mozilla/5.0 (Windows NT 6.0) AppleWebKit/5321 (KHTML, like Gecko) Chrome/37.0.826.0 Safari/5321"
91.192.5.242,03/Mar/2019:20:37:05,+0400,PUT,/wp-admin,200,4947,https://www.velasquez.com/post/,"Mozilla/5.0 (iPod; U; CPU iPhone OS 3_3 like Mac OS X; om-KE) AppleWebKit/535.10.7 (KHTML, like Gecko) Version/4.0.5 Mobile/8B118 Safari/6535.10.7"
32.209.227.47,03/Mar/2019:20:37:31,+0400,DELETE,/posts/posts/explore,200,5007,http://www.garcia.com/index.jsp,Mozilla/5.0 (X11; Linux x86_64; rv:1.9.7.20) Gecko/2017-10-16 17:59:32 Firefox/3.8
227.80.118.224,03/Mar/2019:20:35:29,+0400,GET,/list,200,5064,http://carrillo.com/home.html,Mozilla/5.0 (Macintosh; PPC Mac OS X 10_8_2; rv:1.9.3.20) Gecko/2018-08-14 20:07:03 Firefox/3.8
193.238.137.62,03/Mar/2019:20:36:29,+0400,PUT,/posts/posts/explore,301,5049,https://www.collins.net/,Mozilla/5.0 (compatible; MSIE 6.0; Windows NT 5.01; Trident/4.0)
16.7.71.68,03/Mar/2019:20:35:27,+0400,GET,/app/main/posts,200,5088,https://www.obrien-martin.com/,"Mozilla/5.0 (Windows NT 5.1) AppleWebKit/5330 (KHTML, like Gecko) Chrome/61.0.816.0 Safari/5330"
57.80.12.250,03/Mar/2019:20:36:20,+0400,GET,/wp-content,200,5025,http://www.freeman-thompson.net/,Mozilla/5.0 (Macintosh; U; PPC Mac OS X 10_11_8; rv:1.9.3.20) Gecko/2015-07-12 00:56:30 Firefox/3.8
132.96.107.153,03/Mar/2019:20:35:50,+0400,GET,/wp-content,200,4992,https://www.perry.com/privacy/,Mozilla/5.0 (Windows NT 4.0; sq-AL; rv:1.9.0.20) Gecko/2015-08-15 10:42:02 Firefox/13.0
206.217.217.38,03/Mar/2019:20:36:22,+0400,GET,/apps/cart.jsp?appID=1508,200,5091,https://www.brown.com/about/,"Mozilla/5.0 (X11; Linux x86_64) AppleWebKit/5332 (KHTML, like Gecko) Chrome/59.0.821.0 Safari/5332"
44.34.92.46,03/Mar/2019:20:36:35,+0400,POST,/search/tag/list,500,5061,https://blevins-martinez.com/login.html,"Mozilla/5.0 (Macintosh; U; Intel Mac OS X 10_5_0) AppleWebKit/5312 (KHTML, like Gecko) Chrome/58.0.897.0 Safari/5312"
193.71.1.93,03/Mar/2019:20:34:31,+0400,GET,/list,200,4983,https://erickson-wells.com/tag/list/login.php,Mozilla/5.0 (X11; Linux x86_64; rv:1.9.5.20) Gecko/2011-09-12 17:16:17 Firefox/7.0
18.105.184.182,03/Mar/2019:20:35:36,+0400,PUT,/list,200,5031,https://jones-gay.com/main/app/main.html,"Mozilla/5.0 (Windows NT 6.2) AppleWebKit/5362 (KHTML, like Gecko) Chrome/23.0.886.0 Safari/5362"
116.53.79.173,03/Mar/2019:20:34:09,+0400,GET,/list,200,5070,http://padilla-martin.com/tags/tag/category/privacy.php,"Mozilla/5.0 (Macintosh; U; Intel Mac OS X 10_10_4) AppleWebKit/5312 (KHTML, like Gecko) Chrome/18.0.872.0 Safari/5312"
19.210.69.155,03/Mar/2019:20:36:21,+0400,GET,/wp-content,200,5048,https://www.gray.com/list/app/category/main/,"Mozilla/5.0 (Windows 98) AppleWebKit/5312 (KHTML, like Gecko) Chrome/60.0.883.0 Safari/5312"
179.189.191.102,03/Mar/2019:20:36:32,+0400,POST,/explore,200,4985,http://www.rivera.com/terms/,"Mozilla/5.0 (Windows NT 4.0) AppleWebKit/5340 (KHTML, like Gecko) Chrome/29.0.897.0 Safari/5340"
168.133.166.109,03/Mar/2019:20:37:13,+0400,PUT,/apps/cart.jsp?appID=6898,200,5016,http://www.crawford.com/categories/app/wp-content/register/,"Mozilla/5.0 (X11; Linux x86_64) AppleWebKit/5351 (KHTML, like Gecko) Chrome/27.0.864.0 Safari/5351"
195.107.9.17,03/Mar/2019:20:35:00,+0400,GET,/wp-admin,200,4992,http://hicks-jones.org/explore/homepage/,"Mozilla/5.0 (Macintosh; U; Intel Mac OS X 10_11_7 rv:5.0; hak-TW) AppleWebKit/533.4.2 (KHTML, like Gecko) Version/4.1 Safari/533.4.2"
181.50.194.21,03/Mar/2019:20:34:04,+0400,GET,/posts/posts/explore,200,5002,http://jones.biz/,Mozilla/5.0 (Windows NT 5.01; sk-SK; rv:1.9.0.20) Gecko/2016-04-13 05:59:30 Firefox/3.8
62.89.223.208,03/Mar/2019:20:34:45,+0400,GET,/search/tag/list,404,4942,https://miller-olsen.com/login/,Mozilla/5.0 (Windows 98; Win 9x 4.90; ss-ZA; rv:1.9.1.20) Gecko/2013-05-31 12:23:49 Firefox/3.6.16
249.220.203.55,03/Mar/2019:20:38:00,+0400,PUT,/explore,200,4991,http://bates-stanley.com/faq/,Mozilla/5.0 (X11; Linux i686; rv:1.9.6.20) Gecko/2016-05-21 06:37:05 Firefox/14.0
60.216.159.117,03/Mar/2019:20:36:10,+0400,GET,/list,200,5018,https://adams-smith.org/terms.html,Mozilla/5.0 (Windows NT 5.0; ga-IE; rv:1.9.1.20) Gecko/2016-12-23 04:52:45 Firefox/3.8
216.194.13.197,03/Mar/2019:20:36:09,+0400,GET,/app/main/posts,200,4979,http://ritter-davidson.com/tag/tag/index.php,"Mozilla/5.0 (Macintosh; U; Intel Mac OS X 10_6_6 rv:3.0; bhb-IN) AppleWebKit/532.7.7 (KHTML, like Gecko) Version/5.0.3 Safari/532.7.7"
50.79.102.191,03/Mar/2019:20:33:45,+0400,GET,/apps/cart.jsp?appID=8878,200,5078,https://wright-garza.com/main.html,Mozilla/5.0 (Macintosh; Intel Mac OS X 10_6_6; rv:1.9.4.20) Gecko/2014-06-23 01:17:59 Firefox/3.6.9
215.65.149.133,03/Mar/2019:20:35:17,+0400,PUT,/search/tag/list,200,4932,http://cordova.com/,Mozilla/5.0 (X11; Linux i686; rv:1.9.5.20) Gecko/2015-06-16 11:18:02 Firefox/13.0
253.155.162.41,03/Mar/2019:20:36:48,+0400,GET,/list,200,5068,https://simpson.com/privacy/,"Mozilla/5.0 (Macintosh; Intel Mac OS X 10_7_2 rv:4.0; et-EE) AppleWebKit/531.13.2 (KHTML, like Gecko) Version/4.0 Safari/531.13.2"
161.218.4.158,03/Mar/2019:20:37:19,+0400,DELETE,/posts/posts/explore,200,4980,https://www.joseph.com/wp-content/wp-content/category/login/,"Mozilla/5.0 (Macintosh; U; Intel Mac OS X 10_7_4) AppleWebKit/5311 (KHTML, like Gecko) Chrome/44.0.822.0 Safari/5311"
200.178.240.45,03/Mar/2019:20:36:41,+0400,GET,/app/main/posts,200,4977,https://nelson.com/,Mozilla/5.0 (Windows NT 5.2; tl-PH; rv:1.9.2.20) Gecko/2012-09-26 06:28:22 Firefox/3.6.3
35.246.238.181,03/Mar/2019:20:33:43,+0400,DELETE,/app/main/posts,200,5047,http://morrison.com/tag/blog/faq/,"Mozilla/5.0 (X11; Linux i686) AppleWebKit/5332 (KHTML, like Gecko) Chrome/38.0.861.0 Safari/5332"
169.60.64.154,03/Mar/2019:20:35:10,+0400,DELETE,/app/main/posts,200,4936,http://cooke.com/register/,Mozilla/5.0 (X11; Linux x86_64; rv:1.9.5.20) Gecko/2011-07-23 14:03:26 Firefox/3.8
226.131.219.196,03/Mar/2019:20:34:43,+0400,DELETE,/explore,200,5073,https://www.rogers.biz/tags/posts/homepage/,"Mozilla/5.0 (X11; Linux i686) AppleWebKit/5350 (KHTML, like Gecko) Chrome/43.0.804.0 Safari/5350"
204.139.208.64,03/Mar/2019:20:36:15,+0400,DELETE,/apps/cart.jsp?appID=5793,200,4968,http://robinson.org/index/,Mozilla/5.0 (Macintosh; U; PPC Mac OS X 10_6_7; rv:1.9.6.20) Gecko/2013-12-23 10:53:22 Firefox/3.8
39.85.96.168,03/Mar/2019:20:37:42,+0400,GET,/app/main/posts,200,5040,http://howell.org/login.htm,Mozilla/5.0 (X11; Linux i686; rv:1.9.7.20) Gecko/2010-08-17 23:49:21 Firefox/3.8
